#_No	#_Seed_ID_phyloprofile	#_GH_group	#_Prot_ID	#_Seed_taxon	#_Seed_taxon_ID	#_refspec_fdog	#_Enzyme	#_Description
1	GH124_ALX08796.1	GH124	ALX08796.1	Acetivibrio thermocellus AD2	1138384	ACETH@1138384@000255615_3	Cellulase	Dockerin type 1 protein
2	GH26_ALX07411.1	GH26	ALX07411.1	Acetivibrio thermocellus AD2	1138384	ACETH@1138384@000255615_3	Cellulase	Mannan endo-1,4-beta-mannosidase, Cellulase
3	GH26_ALX09217.1	GH26	ALX09217.1	Acetivibrio thermocellus AD2	1138384	ACETH@1138384@000255615_3	Cellulase	Mannan endo-1,4-beta-mannosidase, Cellulase
4	GH26_ALX09255.1	GH26	ALX09255.1	Acetivibrio thermocellus AD2	1138384	ACETH@1138384@000255615_3	Cellulase	glycoside hydrolase family 5
5	GH39_ALX09806.1	GH39	ALX09806.1	Acetivibrio thermocellus AD2	1138384	ACETH@1138384@000255615_3	Cellulase	Carbohydrate binding family 6
6	GH44_ALX08608.1	GH44	ALX08608.1	Acetivibrio thermocellus AD2	1138384	ACETH@1138384@000255615_3	Cellulase	Cellulose 1,4-beta-cellobiosidase, Cellulase
7	GH48_ALX09176.1	GH48	ALX09176.1	Acetivibrio thermocellus AD2	1138384	ACETH@1138384@000255615_3	Cellulase	Cellulose 1,4-beta-cellobiosidase
8	GH48_ALX09761.1	GH48	ALX09761.1	Acetivibrio thermocellus AD2	1138384	ACETH@1138384@000255615_3	Cellulase	glycoside hydrolase family 48
9	GH8_ALX08975.1	GH8	ALX08975.1	Acetivibrio thermocellus AD2	1138384	ACETH@1138384@000255615_3	Cellulase	Licheninase, Cellulase
10	GH5_10_XP_012938873.1	GH5_10	XP_012938873.1	Aplysia californica	6500	APLCA@6500@000002075_1	Cellulase	mannan endo-1,4-beta-mannosidase
11	GH116_ADB52396.1	GH116	ADB52396.1	Conexibacter woesei DSM 14684	469383	CONWO@469383@000025265_1	Cellulase	protein of unknown function DUF608
12	GH64_QKD55153.1	GH64	QKD55153.1	Fusarium oxysporum Fo47	660027	FUSOX@660027@013085055_1	Cellulase	hypothetical protein
13	GH64_QKD57507.2	GH64	QKD57507.2	Fusarium oxysporum Fo47	660027	FUSOX@660027@013085055_1	Cellulase	hypothetical protein
14	GH64_QKD57567.2	GH64	QKD57567.2	Fusarium oxysporum Fo47	660027	FUSOX@660027@013085055_1	Cellulase	hypothetical protein
15	GH64_QKD58554.1	GH64	QKD58554.1	Fusarium oxysporum Fo47	660027	FUSOX@660027@013085055_1	Cellulase	hypothetical protein
16	GH81_QKD56309.1	GH81	QKD56309.1	Fusarium oxysporum Fo47	660027	FUSOX@660027@013085055_1	Cellulase	endo-1,3(4)-beta-glucanase
17	GH1_QRW24047.1	GH1	QRW24047.1	Rhizoctonia solani AG-1 IA	456999	RHISO@456999@016906535_1	Cellulase	glycoside hydrolase family 1 protein
18	GH1_QRW26028.1	GH1	QRW26028.1	Rhizoctonia solani AG-1 IA	456999	RHISO@456999@016906535_1	Cellulase	glycoside hydrolase family 1 protein
19	GH10_QRW19256.1	GH10	QRW19256.1	Rhizoctonia solani AG-1 IA	456999	RHISO@456999@016906535_1	Cellulase	endo-beta-1,4-xylanase
20	GH10_QRW19862.1	GH10	QRW19862.1	Rhizoctonia solani AG-1 IA	456999	RHISO@456999@016906535_1	Cellulase	endo-beta-1,4-xylanase
21	GH10_QRW19865.1	GH10	QRW19865.1	Rhizoctonia solani AG-1 IA	456999	RHISO@456999@016906535_1	Cellulase	endo-beta-1,4-xylanase
22	GH10_QRW19908.1	GH10	QRW19908.1	Rhizoctonia solani AG-1 IA	456999	RHISO@456999@016906535_1	Cellulase	endo-beta-1,4-xylanase
23	GH10_QRW19954.1	GH10	QRW19954.1	Rhizoctonia solani AG-1 IA	456999	RHISO@456999@016906535_1	Cellulase	endo-beta-1,4-xylanase
24	GH10_QRW22205.1	GH10	QRW22205.1	Rhizoctonia solani AG-1 IA	456999	RHISO@456999@016906535_1	Cellulase	endo-beta-1,4-xylanase
25	GH10_QRW22206.1	GH10	QRW22206.1	Rhizoctonia solani AG-1 IA	456999	RHISO@456999@016906535_1	Cellulase	endo-beta-1,4-xylanase
26	GH10_QRW22755.1	GH10	QRW22755.1	Rhizoctonia solani AG-1 IA	456999	RHISO@456999@016906535_1	Cellulase	glycoside hydrolase family 10 protein
27	GH10_QRW25572.1	GH10	QRW25572.1	Rhizoctonia solani AG-1 IA	456999	RHISO@456999@016906535_1	Cellulase	endo-beta-1,4-xylanase
28	GH12_QRW15727.1	GH12	QRW15727.1	Rhizoctonia solani AG-1 IA	456999	RHISO@456999@016906535_1	Cellulase	endoglucanase cel12C
29	GH12_QRW15728.1	GH12	QRW15728.1	Rhizoctonia solani AG-1 IA	456999	RHISO@456999@016906535_1	Cellulase	Lipase (class 3)
30	GH12_QRW23323.1	GH12	QRW23323.1	Rhizoctonia solani AG-1 IA	456999	RHISO@456999@016906535_1	Cellulase	endoglucanase cel12C
31	GH12_QRW23340.1	GH12	QRW23340.1	Rhizoctonia solani AG-1 IA	456999	RHISO@456999@016906535_1	Cellulase	endoglucanase cel12C
32	GH128_QRW16590.1	GH128	QRW16590.1	Rhizoctonia solani AG-1 IA	456999	RHISO@456999@016906535_1	Cellulase	glycoside hydrolase family 128 protein
33	GH128_QRW18084.1	GH128	QRW18084.1	Rhizoctonia solani AG-1 IA	456999	RHISO@456999@016906535_1	Cellulase	glycoside hydrolase family 128 protein
34	GH128_QRW18428.1	GH128	QRW18428.1	Rhizoctonia solani AG-1 IA	456999	RHISO@456999@016906535_1	Cellulase	glycoside hydrolase family 128 protein
35	GH128_QRW18429.1	GH128	QRW18429.1	Rhizoctonia solani AG-1 IA	456999	RHISO@456999@016906535_1	Cellulase	glycoside hydrolase family 128 protein
36	GH128_QRW19219.1	GH128	QRW19219.1	Rhizoctonia solani AG-1 IA	456999	RHISO@456999@016906535_1	Cellulase	glycoside hydrolase family 128 protein
37	GH128_QRW19736.1	GH128	QRW19736.1	Rhizoctonia solani AG-1 IA	456999	RHISO@456999@016906535_1	Cellulase	glycoside hydrolase family 128 protein
38	GH128_QRW20133.1	GH128	QRW20133.1	Rhizoctonia solani AG-1 IA	456999	RHISO@456999@016906535_1	Cellulase	glycoside hydrolase family 128 protein
39	GH128_QRW23777.1	GH128	QRW23777.1	Rhizoctonia solani AG-1 IA	456999	RHISO@456999@016906535_1	Cellulase	glycoside hydrolase family 128 protein
40	GH131_QRW16484.1	GH131	QRW16484.1	Rhizoctonia solani AG-1 IA	456999	RHISO@456999@016906535_1	Cellulase	glycoside hydrolase family 131 protein
41	GH131_QRW19984.1	GH131	QRW19984.1	Rhizoctonia solani AG-1 IA	456999	RHISO@456999@016906535_1	Cellulase	carbohydrate-binding module family 1 protein
42	GH131_QRW22550.1	GH131	QRW22550.1	Rhizoctonia solani AG-1 IA	456999	RHISO@456999@016906535_1	Cellulase	glycoside hydrolase family 131 protein
43	GH16_QRW16832.1	GH16	QRW16832.1	Rhizoctonia solani AG-1 IA	456999	RHISO@456999@016906535_1	Cellulase	glycoside hydrolase family 16 protein
44	GH16_QRW22852.1	GH16	QRW22852.1	Rhizoctonia solani AG-1 IA	456999	RHISO@456999@016906535_1	Cellulase	glycoside hydrolase family 16 protein
45	GH16_QRW22853.1	GH16	QRW22853.1	Rhizoctonia solani AG-1 IA	456999	RHISO@456999@016906535_1	Cellulase	glycoside hydrolase family 16 protein
46	GH16_1_QRW16739.1	GH16_1	QRW16739.1	Rhizoctonia solani AG-1 IA	456999	RHISO@456999@016906535_1	Cellulase	peroxisomal targeting signal 2 receptor
47	GH16_1_QRW19024.1	GH16_1	QRW19024.1	Rhizoctonia solani AG-1 IA	456999	RHISO@456999@016906535_1	Cellulase	glycoside hydrolase family 16 protein
48	GH16_1_QRW19027.1	GH16_1	QRW19027.1	Rhizoctonia solani AG-1 IA	456999	RHISO@456999@016906535_1	Cellulase	glycoside hydrolase family 16 protein
49	GH16_1_QRW19114.1	GH16_1	QRW19114.1	Rhizoctonia solani AG-1 IA	456999	RHISO@456999@016906535_1	Cellulase	glycoside hydrolase family 16 protein
50	GH16_1_QRW19217.1	GH16_1	QRW19217.1	Rhizoctonia solani AG-1 IA	456999	RHISO@456999@016906535_1	Cellulase	WSC domain protein
51	GH16_1_QRW19508.1	GH16_1	QRW19508.1	Rhizoctonia solani AG-1 IA	456999	RHISO@456999@016906535_1	Cellulase	endo-1,3(4)-beta-glucanase
52	GH16_1_QRW19509.1	GH16_1	QRW19509.1	Rhizoctonia solani AG-1 IA	456999	RHISO@456999@016906535_1	Cellulase	glycoside hydrolase family 16 protein
53	GH16_1_QRW19682.1	GH16_1	QRW19682.1	Rhizoctonia solani AG-1 IA	456999	RHISO@456999@016906535_1	Cellulase	glycoside hydrolase family 16 protein
54	GH16_1_QRW20716.1	GH16_1	QRW20716.1	Rhizoctonia solani AG-1 IA	456999	RHISO@456999@016906535_1	Cellulase	glycoside hydrolase family 16 protein
55	GH16_1_QRW21271.1	GH16_1	QRW21271.1	Rhizoctonia solani AG-1 IA	456999	RHISO@456999@016906535_1	Cellulase	glycoside hydrolase family 16 protein
56	GH16_1_QRW21843.1	GH16_1	QRW21843.1	Rhizoctonia solani AG-1 IA	456999	RHISO@456999@016906535_1	Cellulase	peptidyl-prolyl cis-trans isomerase, cyclophilin-type protein
57	GH16_1_QRW26728.1	GH16_1	QRW26728.1	Rhizoctonia solani AG-1 IA	456999	RHISO@456999@016906535_1	Cellulase	glycoside hydrolase family 16 protein
58	GH16_19_QRW19139.1	GH16_19	QRW19139.1	Rhizoctonia solani AG-1 IA	456999	RHISO@456999@016906535_1	Cellulase	glycoside hydrolase family 16 protein
59	GH16_2_QRW17880.1	GH16_2	QRW17880.1	Rhizoctonia solani AG-1 IA	456999	RHISO@456999@016906535_1	Cellulase	glycoside hydrolase family 16 protein
60	GH16_2_QRW18608.1	GH16_2	QRW18608.1	Rhizoctonia solani AG-1 IA	456999	RHISO@456999@016906535_1	Cellulase	glycoside hydrolase family 16 protein
61	GH16_2_QRW19069.1	GH16_2	QRW19069.1	Rhizoctonia solani AG-1 IA	456999	RHISO@456999@016906535_1	Cellulase	Beta-glucan synthesis-associated protein (SKN1)
62	GH16_2_QRW19070.1	GH16_2	QRW19070.1	Rhizoctonia solani AG-1 IA	456999	RHISO@456999@016906535_1	Cellulase	glycoside hydrolase family 16 protein
63	GH16_2_QRW20409.1	GH16_2	QRW20409.1	Rhizoctonia solani AG-1 IA	456999	RHISO@456999@016906535_1	Cellulase	glycoside hydrolase family 16 protein
64	GH16_2_QRW20643.1	GH16_2	QRW20643.1	Rhizoctonia solani AG-1 IA	456999	RHISO@456999@016906535_1	Cellulase	glycoside hydrolase family 16 protein
65	GH16_2_QRW21637.1	GH16_2	QRW21637.1	Rhizoctonia solani AG-1 IA	456999	RHISO@456999@016906535_1	Cellulase	glycoside hydrolase family 16 protein
66	GH16_2_QRW24674.1	GH16_2	QRW24674.1	Rhizoctonia solani AG-1 IA	456999	RHISO@456999@016906535_1	Cellulase	glycoside hydrolase family 16 protein
67	GH16_2_QRW27364.1	GH16_2	QRW27364.1	Rhizoctonia solani AG-1 IA	456999	RHISO@456999@016906535_1	Cellulase	Beta-glucan synthesis-associated protein (SKN1)
68	GH17_QRW17901.1	GH17	QRW17901.1	Rhizoctonia solani AG-1 IA	456999	RHISO@456999@016906535_1	Cellulase	DnaJ domain protein
69	GH17_QRW20708.1	GH17	QRW20708.1	Rhizoctonia solani AG-1 IA	456999	RHISO@456999@016906535_1	Cellulase	glycoside hydrolase family 17 protein
70	GH2_QRW19045.1	GH2	QRW19045.1	Rhizoctonia solani AG-1 IA	456999	RHISO@456999@016906535_1	Cellulase	beta-mannosidase
71	GH2_QRW25365.1	GH2	QRW25365.1	Rhizoctonia solani AG-1 IA	456999	RHISO@456999@016906535_1	Cellulase	beta-mannosidase
72	GH3_QRW16158.1	GH3	QRW16158.1	Rhizoctonia solani AG-1 IA	456999	RHISO@456999@016906535_1	Cellulase	glycoside hydrolase family 3 protein
73	GH3_QRW16600.1	GH3	QRW16600.1	Rhizoctonia solani AG-1 IA	456999	RHISO@456999@016906535_1	Cellulase	glycoside hydrolase family 3 protein
74	GH3_QRW19569.1	GH3	QRW19569.1	Rhizoctonia solani AG-1 IA	456999	RHISO@456999@016906535_1	Cellulase	glycoside hydrolase family 3 protein
75	GH3_QRW20458.1	GH3	QRW20458.1	Rhizoctonia solani AG-1 IA	456999	RHISO@456999@016906535_1	Cellulase	glycoside hydrolase family 3 protein
76	GH3_QRW20794.1	GH3	QRW20794.1	Rhizoctonia solani AG-1 IA	456999	RHISO@456999@016906535_1	Cellulase	glycoside hydrolase family 3 protein
77	GH3_QRW20795.1	GH3	QRW20795.1	Rhizoctonia solani AG-1 IA	456999	RHISO@456999@016906535_1	Cellulase	glycoside hydrolase family 3 protein
78	GH3_QRW20796.1	GH3	QRW20796.1	Rhizoctonia solani AG-1 IA	456999	RHISO@456999@016906535_1	Cellulase	glycoside hydrolase family 3 protein
79	GH3_QRW22340.1	GH3	QRW22340.1	Rhizoctonia solani AG-1 IA	456999	RHISO@456999@016906535_1	Cellulase	glycoside hydrolase family 3 protein
80	GH3_QRW26513.1	GH3	QRW26513.1	Rhizoctonia solani AG-1 IA	456999	RHISO@456999@016906535_1	Cellulase	glycoside hydrolase family 3 protein
81	GH3_QRW26541.1	GH3	QRW26541.1	Rhizoctonia solani AG-1 IA	456999	RHISO@456999@016906535_1	Cellulase	glycoside hydrolase family 3 protein
82	GH3_QRW27037.1	GH3	QRW27037.1	Rhizoctonia solani AG-1 IA	456999	RHISO@456999@016906535_1	Cellulase	glycoside hydrolase family 3 protein
83	GH3_QRW27424.1	GH3	QRW27424.1	Rhizoctonia solani AG-1 IA	456999	RHISO@456999@016906535_1	Cellulase	glycoside hydrolase family 3 protein
84	GH30_QRW24543.1	GH30	QRW24543.1	Rhizoctonia solani AG-1 IA	456999	RHISO@456999@016906535_1	Cellulase	Cellulase (glycosyl hydrolase family 5 protein)
85	GH30_3_QRW16783.1	GH30_3	QRW16783.1	Rhizoctonia solani AG-1 IA	456999	RHISO@456999@016906535_1	Cellulase	glycoside hydrolase family 30 protein
86	GH45_1_QRW26229.1	GH45_1	QRW26229.1	Rhizoctonia solani AG-1 IA	456999	RHISO@456999@016906535_1	Cellulase	glycoside hydrolase family 45 protein
87	GH45_1_QRW26230.1	GH45_1	QRW26230.1	Rhizoctonia solani AG-1 IA	456999	RHISO@456999@016906535_1	Cellulase	glycoside hydrolase family 45 protein
88	GH45_4_QRW21289.1	GH45_4	QRW21289.1	Rhizoctonia solani AG-1 IA	456999	RHISO@456999@016906535_1	Cellulase	hypothetical protein
89	GH5_12_QRW26702.1	GH5_12	QRW26702.1	Rhizoctonia solani AG-1 IA	456999	RHISO@456999@016906535_1	Cellulase	Cellulase (glycosyl hydrolase family 5 protein)
90	GH5_12_QRW26713.1	GH5_12	QRW26713.1	Rhizoctonia solani AG-1 IA	456999	RHISO@456999@016906535_1	Cellulase	Cellulase (glycosyl hydrolase family 5 protein)
91	GH5_15_QRW22467.1	GH5_15	QRW22467.1	Rhizoctonia solani AG-1 IA	456999	RHISO@456999@016906535_1	Cellulase	Cellulase (glycosyl hydrolase family 5 protein)
92	GH5_15_QRW22468.1	GH5_15	QRW22468.1	Rhizoctonia solani AG-1 IA	456999	RHISO@456999@016906535_1	Cellulase	Cellulase (glycosyl hydrolase family 5 protein)
93	GH5_15_QRW22469.1	GH5_15	QRW22469.1	Rhizoctonia solani AG-1 IA	456999	RHISO@456999@016906535_1	Cellulase	Cellulase (glycosyl hydrolase family 5 protein)
94	GH5_15_QRW22470.1	GH5_15	QRW22470.1	Rhizoctonia solani AG-1 IA	456999	RHISO@456999@016906535_1	Cellulase	Cellulase (glycosyl hydrolase family 5 protein)
95	GH5_15_QRW22487.1	GH5_15	QRW22487.1	Rhizoctonia solani AG-1 IA	456999	RHISO@456999@016906535_1	Cellulase	Cellulase (glycosyl hydrolase family 5 protein)
96	GH5_22_QRW18115.1	GH5_22	QRW18115.1	Rhizoctonia solani AG-1 IA	456999	RHISO@456999@016906535_1	Cellulase	Cellulase (glycosyl hydrolase family 5 protein)
97	GH5_22_QRW18116.1	GH5_22	QRW18116.1	Rhizoctonia solani AG-1 IA	456999	RHISO@456999@016906535_1	Cellulase	Cellulase (glycosyl hydrolase family 5 protein)
98	GH5_31_QRW22104.1	GH5_31	QRW22104.1	Rhizoctonia solani AG-1 IA	456999	RHISO@456999@016906535_1	Cellulase	hypothetical protein
99	GH5_4_QRW17770.1	GH5_4	QRW17770.1	Rhizoctonia solani AG-1 IA	456999	RHISO@456999@016906535_1	Cellulase	Cellulase (glycosyl hydrolase family 5 protein)
100	GH5_4_QRW17797.1	GH5_4	QRW17797.1	Rhizoctonia solani AG-1 IA	456999	RHISO@456999@016906535_1	Cellulase	Cellulase (glycosyl hydrolase family 5 protein)
101	GH5_5_QRW22801.1	GH5_5	QRW22801.1	Rhizoctonia solani AG-1 IA	456999	RHISO@456999@016906535_1	Cellulase	Cellulase (glycosyl hydrolase family 5 protein)
102	GH5_5_QRW24136.1	GH5_5	QRW24136.1	Rhizoctonia solani AG-1 IA	456999	RHISO@456999@016906535_1	Cellulase	Cellulase (glycosyl hydrolase family 5 protein)
103	GH5_5_QRW24137.1	GH5_5	QRW24137.1	Rhizoctonia solani AG-1 IA	456999	RHISO@456999@016906535_1	Cellulase	Cellulase (glycosyl hydrolase family 5 protein)
104	GH5_5_QRW25125.1	GH5_5	QRW25125.1	Rhizoctonia solani AG-1 IA	456999	RHISO@456999@016906535_1	Cellulase	Cellulase (glycosyl hydrolase family 5 protein)
105	GH5_5_QRW25126.1	GH5_5	QRW25126.1	Rhizoctonia solani AG-1 IA	456999	RHISO@456999@016906535_1	Cellulase	Cellulase (glycosyl hydrolase family 5 protein)
106	GH5_5_QRW25979.1	GH5_5	QRW25979.1	Rhizoctonia solani AG-1 IA	456999	RHISO@456999@016906535_1	Cellulase	Cellulase (glycosyl hydrolase family 5 protein)
107	GH5_50_QRW19356.1	GH5_50	QRW19356.1	Rhizoctonia solani AG-1 IA	456999	RHISO@456999@016906535_1	Cellulase	Cellulase (glycosyl hydrolase family 5 protein)
108	GH5_7_QRW21349.1	GH5_7	QRW21349.1	Rhizoctonia solani AG-1 IA	456999	RHISO@456999@016906535_1	Cellulase	alginate lyase
109	GH5_7_QRW21487.1	GH5_7	QRW21487.1	Rhizoctonia solani AG-1 IA	456999	RHISO@456999@016906535_1	Cellulase	Cellulase (glycosyl hydrolase family 5 protein)
110	GH5_7_QRW21488.1	GH5_7	QRW21488.1	Rhizoctonia solani AG-1 IA	456999	RHISO@456999@016906535_1	Cellulase	Cellulase (glycosyl hydrolase family 5 protein)
111	GH5_7_QRW26055.1	GH5_7	QRW26055.1	Rhizoctonia solani AG-1 IA	456999	RHISO@456999@016906535_1	Cellulase	Cellulase (glycosyl hydrolase family 5 protein)
112	GH5_9_QRW16681.1	GH5_9	QRW16681.1	Rhizoctonia solani AG-1 IA	456999	RHISO@456999@016906535_1	Cellulase	Cellulase (glycosyl hydrolase family 5 protein)
113	GH5_9_QRW18136.1	GH5_9	QRW18136.1	Rhizoctonia solani AG-1 IA	456999	RHISO@456999@016906535_1	Cellulase	Cellulase (glycosyl hydrolase family 5 protein)
114	GH5_9_QRW18432.1	GH5_9	QRW18432.1	Rhizoctonia solani AG-1 IA	456999	RHISO@456999@016906535_1	Cellulase	Cellulase (glycosyl hydrolase family 5 protein)
115	GH5_9_QRW22725.1	GH5_9	QRW22725.1	Rhizoctonia solani AG-1 IA	456999	RHISO@456999@016906535_1	Cellulase	Cellulase (glycosyl hydrolase family 5 protein)
116	GH5_9_QRW25424.1	GH5_9	QRW25424.1	Rhizoctonia solani AG-1 IA	456999	RHISO@456999@016906535_1	Cellulase	Cellulase (glycosyl hydrolase family 5 protein)
117	GH5_9_QRW26749.1	GH5_9	QRW26749.1	Rhizoctonia solani AG-1 IA	456999	RHISO@456999@016906535_1	Cellulase	Cellulase (glycosyl hydrolase family 5 protein)
118	GH5_9_QRW26750.1	GH5_9	QRW26750.1	Rhizoctonia solani AG-1 IA	456999	RHISO@456999@016906535_1	Cellulase	Cellulase (glycosyl hydrolase family 5 protein)
119	GH5_9_QRW26752.1	GH5_9	QRW26752.1	Rhizoctonia solani AG-1 IA	456999	RHISO@456999@016906535_1	Cellulase	Cellulase (glycosyl hydrolase family 5 protein)
120	GH5_9_QRW26753.1	GH5_9	QRW26753.1	Rhizoctonia solani AG-1 IA	456999	RHISO@456999@016906535_1	Cellulase	Cellulase (glycosyl hydrolase family 5 protein)
121	GH51_1_QRW18479.1	GH51_1	QRW18479.1	Rhizoctonia solani AG-1 IA	456999	RHISO@456999@016906535_1	Cellulase	major facilitator superfamily transporter
122	GH51_2_QRW22033.1	GH51_2	QRW22033.1	Rhizoctonia solani AG-1 IA	456999	RHISO@456999@016906535_1	Cellulase	alpha-L-arabinofuranosidase
123	GH51_2_QRW22132.1	GH51_2	QRW22132.1	Rhizoctonia solani AG-1 IA	456999	RHISO@456999@016906535_1	Cellulase	alpha-L-arabinofuranosidase
124	GH51_2_QRW22189.1	GH51_2	QRW22189.1	Rhizoctonia solani AG-1 IA	456999	RHISO@456999@016906535_1	Cellulase	alpha-L-arabinofuranosidase
125	GH51_2_QRW22317.1	GH51_2	QRW22317.1	Rhizoctonia solani AG-1 IA	456999	RHISO@456999@016906535_1	Cellulase	alpha-L-arabinofuranosidase
126	GH55_2_QRW16736.1	GH55_2	QRW16736.1	Rhizoctonia solani AG-1 IA	456999	RHISO@456999@016906535_1	Cellulase	exo-beta-1,3-glucanase
127	GH55_2_QRW16737.1	GH55_2	QRW16737.1	Rhizoctonia solani AG-1 IA	456999	RHISO@456999@016906535_1	Cellulase	exo-beta-1,3-glucanase
128	GH6_QRW22644.1	GH6	QRW22644.1	Rhizoctonia solani AG-1 IA	456999	RHISO@456999@016906535_1	Cellulase	glycoside hydrolase family 6 protein
129	GH6_QRW22651.1	GH6	QRW22651.1	Rhizoctonia solani AG-1 IA	456999	RHISO@456999@016906535_1	Cellulase	glycoside hydrolase family 6 protein
130	GH6_QRW27543.1	GH6	QRW27543.1	Rhizoctonia solani AG-1 IA	456999	RHISO@456999@016906535_1	Cellulase	glycoside hydrolase family 6 protein
131	GH7_QRW15602.1	GH7	QRW15602.1	Rhizoctonia solani AG-1 IA	456999	RHISO@456999@016906535_1	Cellulase	beta-1,4-D-glucan cellobiohydrolase
132	GH7_QRW15719.1	GH7	QRW15719.1	Rhizoctonia solani AG-1 IA	456999	RHISO@456999@016906535_1	Cellulase	beta-1,4-D-glucan cellobiohydrolase
133	GH7_QRW15745.1	GH7	QRW15745.1	Rhizoctonia solani AG-1 IA	456999	RHISO@456999@016906535_1	Cellulase	beta-1,4-D-glucan cellobiohydrolase
134	GH7_QRW15747.1	GH7	QRW15747.1	Rhizoctonia solani AG-1 IA	456999	RHISO@456999@016906535_1	Cellulase	beta-1,4-D-glucan cellobiohydrolase
135	GH7_QRW20778.1	GH7	QRW20778.1	Rhizoctonia solani AG-1 IA	456999	RHISO@456999@016906535_1	Cellulase	beta-1,4-D-glucan cellobiohydrolase
136	GH7_QRW24005.1	GH7	QRW24005.1	Rhizoctonia solani AG-1 IA	456999	RHISO@456999@016906535_1	Cellulase	beta-1,4-D-glucan cellobiohydrolase
137	GH7_QRW24021.1	GH7	QRW24021.1	Rhizoctonia solani AG-1 IA	456999	RHISO@456999@016906535_1	Cellulase	beta-1,4-D-glucan cellobiohydrolase
138	GH7_QRW24024.1	GH7	QRW24024.1	Rhizoctonia solani AG-1 IA	456999	RHISO@456999@016906535_1	Cellulase	beta-1,4-D-glucan cellobiohydrolase
139	GH7_QRW24054.1	GH7	QRW24054.1	Rhizoctonia solani AG-1 IA	456999	RHISO@456999@016906535_1	Cellulase	beta-1,4-D-glucan cellobiohydrolase
140	GH7_QRW24065.1	GH7	QRW24065.1	Rhizoctonia solani AG-1 IA	456999	RHISO@456999@016906535_1	Cellulase	beta-1,4-D-glucan cellobiohydrolase
141	GH74_QRW16773.1	GH74	QRW16773.1	Rhizoctonia solani AG-1 IA	456999	RHISO@456999@016906535_1	Cellulase	vacuolar protein sorting-associated protein
142	GH74_QRW20426.1	GH74	QRW20426.1	Rhizoctonia solani AG-1 IA	456999	RHISO@456999@016906535_1	Cellulase	glycoside hydrolase family 74 protein
143	GH9_QRW16024.1	GH9	QRW16024.1	Rhizoctonia solani AG-1 IA	456999	RHISO@456999@016906535_1	Cellulase	endoglucanase
144	GH9_QRW16025.1	GH9	QRW16025.1	Rhizoctonia solani AG-1 IA	456999	RHISO@456999@016906535_1	Cellulase	endoglucanase
145	GH9_QRW19354.1	GH9	QRW19354.1	Rhizoctonia solani AG-1 IA	456999	RHISO@456999@016906535_1	Cellulase	endoglucanase
146	GH11_ABF50866.1	GH11	ABF50866.1	Aspergillus nidulans FGSC A4	227321	ASPNI@227321@000149205_2	Hemicellulase	endo-beta-1,4-xylanase
147	GH11_CAA90074.1	GH11	CAA90074.1	Aspergillus nidulans FGSC A4	227321	ASPNI@227321@000149205_2	Hemicellulase	xylanase
148	GH11_EAA59821.1	GH11	EAA59821.1	Aspergillus nidulans FGSC A4	227321	ASPNI@227321@000149205_2	Hemicellulase	XYN1_EMENI Endo-1,4-beta-xylanase 1 precursor (Xylanase 1) (1,4-beta-D-xylan xylanohydrolase 1)
149	GH11_EAA66432.1	GH11	EAA66432.1	Aspergillus nidulans FGSC A4	227321	ASPNI@227321@000149205_2	Hemicellulase	XYN2_EMENI Endo-1,4-beta-xylanase 2 precursor (Xylanase 2) (1,4-beta-D-xylan xylanohydrolase 2)
150	GH54_EAA64278.1	GH54	EAA64278.1	Aspergillus nidulans FGSC A4	227321	ASPNI@227321@000149205_2	Hemicellulase	hypothetical protein
151	GH62_EAA59562.1	GH62	EAA59562.1	Aspergillus nidulans FGSC A4	227321	ASPNI@227321@000149205_2	Hemicellulase	hypothetical protein
152	GH62_EAA62979.1	GH62	EAA62979.1	Aspergillus nidulans FGSC A4	227321	ASPNI@227321@000149205_2	Hemicellulase	hypothetical protein
153	GH67_EAA66353.1	GH67	EAA66353.1	Aspergillus nidulans FGSC A4	227321	ASPNI@227321@000149205_2	Hemicellulase	hypothetical protein
154	GH4_BAV13120.1	GH4	BAV13120.1	Clostridium cellulovorans 743B	573061	CLOCE@573061@000145275_1	Hemicellulase	alpha-galactosidase
155	GH4_BAV13126.1	GH4	BAV13126.1	Clostridium cellulovorans 743B	573061	CLOCE@573061@000145275_1	Hemicellulase	alpha-galactosidase
156	GH27_QRW17738.1	GH27	QRW17738.1	Rhizoctonia solani AG-1 IA	456999	RHISO@456999@016906535_1	Hemicellulase	hypothetical protein
157	GH27_QRW20410.1	GH27	QRW20410.1	Rhizoctonia solani AG-1 IA	456999	RHISO@456999@016906535_1	Hemicellulase	glycoside hydrolase family 27 protein
158	GH27_QRW23353.1	GH27	QRW23353.1	Rhizoctonia solani AG-1 IA	456999	RHISO@456999@016906535_1	Hemicellulase	hypothetical protein
159	GH27_QRW24696.1	GH27	QRW24696.1	Rhizoctonia solani AG-1 IA	456999	RHISO@456999@016906535_1	Hemicellulase	hypothetical protein
160	GH36_QRW25537.1	GH36	QRW25537.1	Rhizoctonia solani AG-1 IA	456999	RHISO@456999@016906535_1	Hemicellulase	raffinose synthase or seed inhibition domain-containing protein
161	GH43_QRW15720.1	GH43	QRW15720.1	Rhizoctonia solani AG-1 IA	456999	RHISO@456999@016906535_1	Hemicellulase	glycoside hydrolase family 43 protein
162	GH43_26_QRW17281.1	GH43_26	QRW17281.1	Rhizoctonia solani AG-1 IA	456999	RHISO@456999@016906535_1	Hemicellulase	glycoside hydrolase family 43 protein
163	GH43_26_QRW25555.1	GH43_26	QRW25555.1	Rhizoctonia solani AG-1 IA	456999	RHISO@456999@016906535_1	Hemicellulase	aldehyde dehydrogenase family protein
164	GH43_26_QRW25588.1	GH43_26	QRW25588.1	Rhizoctonia solani AG-1 IA	456999	RHISO@456999@016906535_1	Hemicellulase	glycoside hydrolase family 43 protein
165	CE13_XP_005111140.1	CE13	XP_005111140.1	Aplysia californica	6500	APLCA@6500@000002075_1	Pectinase	pectin acetylesterase 5
166	CE8_QRW19403.1	CE8	QRW19403.1	Rhizoctonia solani AG-1 IA	456999	RHISO@456999@016906535_1	Pectinase	pectinesterase
167	CE8_QRW19404.1	CE8	QRW19404.1	Rhizoctonia solani AG-1 IA	456999	RHISO@456999@016906535_1	Pectinase	pectinesterase
168	CE8_QRW20161.1	CE8	QRW20161.1	Rhizoctonia solani AG-1 IA	456999	RHISO@456999@016906535_1	Pectinase	pectinesterase
169	CE8_QRW20843.1	CE8	QRW20843.1	Rhizoctonia solani AG-1 IA	456999	RHISO@456999@016906535_1	Pectinase	pectinesterase
170	CE8_QRW22671.1	CE8	QRW22671.1	Rhizoctonia solani AG-1 IA	456999	RHISO@456999@016906535_1	Pectinase	pectinesterase
171	CE8_QRW26467.1	CE8	QRW26467.1	Rhizoctonia solani AG-1 IA	456999	RHISO@456999@016906535_1	Pectinase	pectinesterase
172	CE8_QRW27011.1	CE8	QRW27011.1	Rhizoctonia solani AG-1 IA	456999	RHISO@456999@016906535_1	Pectinase	pectinesterase
173	CE8_QRW27021.1	CE8	QRW27021.1	Rhizoctonia solani AG-1 IA	456999	RHISO@456999@016906535_1	Pectinase	pectinesterase
174	GH28_QRW16555.1	GH28	QRW16555.1	Rhizoctonia solani AG-1 IA	456999	RHISO@456999@016906535_1	Pectinase	polygalacturonase
175	GH28_QRW16765.1	GH28	QRW16765.1	Rhizoctonia solani AG-1 IA	456999	RHISO@456999@016906535_1	Pectinase	polygalacturonase
176	GH28_QRW17605.1	GH28	QRW17605.1	Rhizoctonia solani AG-1 IA	456999	RHISO@456999@016906535_1	Pectinase	polygalacturonase
177	GH28_QRW19253.1	GH28	QRW19253.1	Rhizoctonia solani AG-1 IA	456999	RHISO@456999@016906535_1	Pectinase	polygalacturonase
178	GH28_QRW21031.1	GH28	QRW21031.1	Rhizoctonia solani AG-1 IA	456999	RHISO@456999@016906535_1	Pectinase	polygalacturonase
179	GH28_QRW21462.1	GH28	QRW21462.1	Rhizoctonia solani AG-1 IA	456999	RHISO@456999@016906535_1	Pectinase	polygalacturonase
180	GH28_QRW21530.1	GH28	QRW21530.1	Rhizoctonia solani AG-1 IA	456999	RHISO@456999@016906535_1	Pectinase	polygalacturonase
181	GH28_QRW22380.1	GH28	QRW22380.1	Rhizoctonia solani AG-1 IA	456999	RHISO@456999@016906535_1	Pectinase	polygalacturonase
182	GH28_QRW22656.1	GH28	QRW22656.1	Rhizoctonia solani AG-1 IA	456999	RHISO@456999@016906535_1	Pectinase	polygalacturonase
183	GH28_QRW22815.1	GH28	QRW22815.1	Rhizoctonia solani AG-1 IA	456999	RHISO@456999@016906535_1	Pectinase	polygalacturonase
184	GH28_QRW22837.1	GH28	QRW22837.1	Rhizoctonia solani AG-1 IA	456999	RHISO@456999@016906535_1	Pectinase	polygalacturonase
185	GH28_QRW22846.1	GH28	QRW22846.1	Rhizoctonia solani AG-1 IA	456999	RHISO@456999@016906535_1	Pectinase	polygalacturonase
186	GH28_QRW23660.1	GH28	QRW23660.1	Rhizoctonia solani AG-1 IA	456999	RHISO@456999@016906535_1	Pectinase	polygalacturonase
187	GH28_QRW23661.1	GH28	QRW23661.1	Rhizoctonia solani AG-1 IA	456999	RHISO@456999@016906535_1	Pectinase	polygalacturonase
188	GH28_QRW24257.1	GH28	QRW24257.1	Rhizoctonia solani AG-1 IA	456999	RHISO@456999@016906535_1	Pectinase	polygalacturonase
189	GH28_QRW24801.1	GH28	QRW24801.1	Rhizoctonia solani AG-1 IA	456999	RHISO@456999@016906535_1	Pectinase	polygalacturonase
190	GH28_QRW25009.1	GH28	QRW25009.1	Rhizoctonia solani AG-1 IA	456999	RHISO@456999@016906535_1	Pectinase	polygalacturonase
191	GH28_QRW25375.1	GH28	QRW25375.1	Rhizoctonia solani AG-1 IA	456999	RHISO@456999@016906535_1	Pectinase	polygalacturonase
192	GH28_QRW25501.1	GH28	QRW25501.1	Rhizoctonia solani AG-1 IA	456999	RHISO@456999@016906535_1	Pectinase	polygalacturonase
193	GH28_QRW25551.1	GH28	QRW25551.1	Rhizoctonia solani AG-1 IA	456999	RHISO@456999@016906535_1	Pectinase	polygalacturonase
194	GH28_QRW26843.1	GH28	QRW26843.1	Rhizoctonia solani AG-1 IA	456999	RHISO@456999@016906535_1	Pectinase	polygalacturonase
195	GH28_QRW27766.1	GH28	QRW27766.1	Rhizoctonia solani AG-1 IA	456999	RHISO@456999@016906535_1	Pectinase	polygalacturonase
196	PL1_QRW18745.1	PL1	QRW18745.1	Rhizoctonia solani AG-1 IA	456999	RHISO@456999@016906535_1	Pectinase	pectate lyase
197	PL1_QRW22754.1	PL1	QRW22754.1	Rhizoctonia solani AG-1 IA	456999	RHISO@456999@016906535_1	Pectinase	pectate lyase
198	PL1_QRW23938.1	PL1	QRW23938.1	Rhizoctonia solani AG-1 IA	456999	RHISO@456999@016906535_1	Pectinase	pectate lyase
199	PL1_QRW23989.1	PL1	QRW23989.1	Rhizoctonia solani AG-1 IA	456999	RHISO@456999@016906535_1	Pectinase	pectate lyase
200	PL1_QRW26065.1	PL1	QRW26065.1	Rhizoctonia solani AG-1 IA	456999	RHISO@456999@016906535_1	Pectinase	pectate lyase
201	PL1_10_QRW26744.1	PL1_10	QRW26744.1	Rhizoctonia solani AG-1 IA	456999	RHISO@456999@016906535_1	Pectinase	pectate lyase
202	PL1_2_QRW18753.1	PL1_2	QRW18753.1	Rhizoctonia solani AG-1 IA	456999	RHISO@456999@016906535_1	Pectinase	pectate lyase
203	PL1_2_QRW19037.1	PL1_2	QRW19037.1	Rhizoctonia solani AG-1 IA	456999	RHISO@456999@016906535_1	Pectinase	pectate lyase
204	PL1_4_QRW15620.1	PL1_4	QRW15620.1	Rhizoctonia solani AG-1 IA	456999	RHISO@456999@016906535_1	Pectinase	pectate lyase
205	PL1_4_QRW18755.1	PL1_4	QRW18755.1	Rhizoctonia solani AG-1 IA	456999	RHISO@456999@016906535_1	Pectinase	pectate lyase
206	PL1_4_QRW20587.1	PL1_4	QRW20587.1	Rhizoctonia solani AG-1 IA	456999	RHISO@456999@016906535_1	Pectinase	pectate lyase
207	PL1_4_QRW21460.1	PL1_4	QRW21460.1	Rhizoctonia solani AG-1 IA	456999	RHISO@456999@016906535_1	Pectinase	pectate lyase
208	PL1_4_QRW21461.1	PL1_4	QRW21461.1	Rhizoctonia solani AG-1 IA	456999	RHISO@456999@016906535_1	Pectinase	pectate lyase
209	PL1_4_QRW23031.1	PL1_4	QRW23031.1	Rhizoctonia solani AG-1 IA	456999	RHISO@456999@016906535_1	Pectinase	pectate lyase
210	PL1_4_QRW23032.1	PL1_4	QRW23032.1	Rhizoctonia solani AG-1 IA	456999	RHISO@456999@016906535_1	Pectinase	pectate lyase
211	PL1_4_QRW23565.1	PL1_4	QRW23565.1	Rhizoctonia solani AG-1 IA	456999	RHISO@456999@016906535_1	Pectinase	pectate lyase
212	PL1_4_QRW23631.1	PL1_4	QRW23631.1	Rhizoctonia solani AG-1 IA	456999	RHISO@456999@016906535_1	Pectinase	pectate lyase
213	PL1_4_QRW23635.1	PL1_4	QRW23635.1	Rhizoctonia solani AG-1 IA	456999	RHISO@456999@016906535_1	Pectinase	pectate lyase
214	PL1_4_QRW23636.1	PL1_4	QRW23636.1	Rhizoctonia solani AG-1 IA	456999	RHISO@456999@016906535_1	Pectinase	pectate lyase
215	PL1_4_QRW23637.1	PL1_4	QRW23637.1	Rhizoctonia solani AG-1 IA	456999	RHISO@456999@016906535_1	Pectinase	pectate lyase
216	PL1_4_QRW23643.1	PL1_4	QRW23643.1	Rhizoctonia solani AG-1 IA	456999	RHISO@456999@016906535_1	Pectinase	pectate lyase
217	PL1_4_QRW23644.1	PL1_4	QRW23644.1	Rhizoctonia solani AG-1 IA	456999	RHISO@456999@016906535_1	Pectinase	pectate lyase
218	PL1_4_QRW23645.1	PL1_4	QRW23645.1	Rhizoctonia solani AG-1 IA	456999	RHISO@456999@016906535_1	Pectinase	pectate lyase
219	PL1_7_QRW16603.1	PL1_7	QRW16603.1	Rhizoctonia solani AG-1 IA	456999	RHISO@456999@016906535_1	Pectinase	pectate lyase
220	PL1_7_QRW18447.1	PL1_7	QRW18447.1	Rhizoctonia solani AG-1 IA	456999	RHISO@456999@016906535_1	Pectinase	pectate lyase
221	PL1_7_QRW19895.1	PL1_7	QRW19895.1	Rhizoctonia solani AG-1 IA	456999	RHISO@456999@016906535_1	Pectinase	pectate lyase
222	PL1_7_QRW19897.1	PL1_7	QRW19897.1	Rhizoctonia solani AG-1 IA	456999	RHISO@456999@016906535_1	Pectinase	pectate lyase
223	PL1_7_QRW19905.1	PL1_7	QRW19905.1	Rhizoctonia solani AG-1 IA	456999	RHISO@456999@016906535_1	Pectinase	pectate lyase
224	PL1_7_QRW21196.1	PL1_7	QRW21196.1	Rhizoctonia solani AG-1 IA	456999	RHISO@456999@016906535_1	Pectinase	pectate lyase
225	PL1_7_QRW22875.1	PL1_7	QRW22875.1	Rhizoctonia solani AG-1 IA	456999	RHISO@456999@016906535_1	Pectinase	pectate lyase
226	PL1_7_QRW26519.1	PL1_7	QRW26519.1	Rhizoctonia solani AG-1 IA	456999	RHISO@456999@016906535_1	Pectinase	pectate lyase
227	PL4_1_QRW20454.1	PL4_1	QRW20454.1	Rhizoctonia solani AG-1 IA	456999	RHISO@456999@016906535_1	Pectinase	rhamnogalacturonate lyase
228	PL4_1_QRW22552.1	PL4_1	QRW22552.1	Rhizoctonia solani AG-1 IA	456999	RHISO@456999@016906535_1	Pectinase	rhamnogalacturonate lyase
229	PL4_1_QRW23655.1	PL4_1	QRW23655.1	Rhizoctonia solani AG-1 IA	456999	RHISO@456999@016906535_1	Pectinase	rhamnogalacturonate lyase
230	PL4_1_QRW23656.1	PL4_1	QRW23656.1	Rhizoctonia solani AG-1 IA	456999	RHISO@456999@016906535_1	Pectinase	rhamnogalacturonate lyase
231	PL4_1_QRW25723.1	PL4_1	QRW25723.1	Rhizoctonia solani AG-1 IA	456999	RHISO@456999@016906535_1	Pectinase	rhamnogalacturonate lyase
232	PL4_1_QRW26043.1	PL4_1	QRW26043.1	Rhizoctonia solani AG-1 IA	456999	RHISO@456999@016906535_1	Pectinase	rhamnogalacturonate lyase
233	PL4_1_QRW27507.1	PL4_1	QRW27507.1	Rhizoctonia solani AG-1 IA	456999	RHISO@456999@016906535_1	Pectinase	rhamnogalacturonate lyase
234	PL4_3_QRW20226.1	PL4_3	QRW20226.1	Rhizoctonia solani AG-1 IA	456999	RHISO@456999@016906535_1	Pectinase	rhamnogalacturonate lyase
235	PL4_3_QRW20228.1	PL4_3	QRW20228.1	Rhizoctonia solani AG-1 IA	456999	RHISO@456999@016906535_1	Pectinase	rhamnogalacturonate lyase
236	GH19_XP_955684.1	GH19	XP_955684.1	Encephalitozoon cuniculi GB-M1	284813	ENCCU@284813@000091225_1	Chitinase	endochitinase
237	GH19_CAD27103.1	GH19	CAD27103.1	Encephalitozoon cuniculi GB-M1	284813	ENCCU@284813@000091225_1	Chitinase	endochitinase
238	GH23_QRW25057.1	GH23	QRW25057.1	Rhizoctonia solani AG-1 IA	456999	RHISO@456999@016906535_1	Chitinase	glycoside hydrolase family 23 protein
239	GH23_QRW24210.1	GH23	QRW24210.1	Rhizoctonia solani AG-1 IA	456999	RHISO@456999@016906535_1	Chitinase	hypothetical protein
240	GH75_UKZ51051.1	GH75	UKZ51051.1	Trichoderma virens Gv29-8	413071	TRIVI@413071@000170995_1	Chitosanase	hypothetical protein
241	GH75_UKZ55717.1	GH75	UKZ55717.1	Trichoderma virens Gv29-8	413071	TRIVI@413071@000170995_1	Chitosanase	hypothetical protein
242	GH75_UKZ55925.1	GH75	UKZ55925.1	Trichoderma virens Gv29-8	413071	TRIVI@413071@000170995_1	Chitosanase	hypothetical protein
243	GH75_UKZ57039.1	GH75	UKZ57039.1	Trichoderma virens Gv29-8	413071	TRIVI@413071@000170995_1	Chitosanase	hypothetical protein
244	GH75_XP_013961706.1	GH75	XP_013961706.1	Trichoderma virens Gv29-8	413071	TRIVI@413071@000170995_1	Chitosanase	hypothetical protein
245	GH18_XP_013951565.1	GH18	XP_013951565.1	Trichoderma virens Gv29-8	413071	TRIVI@413071@000170995_1	Chitinase	glycoside hydrolase family 18 protein
246	GH18_XP_013952675.1	GH18	XP_013952675.1	Trichoderma virens Gv29-8	413071	TRIVI@413071@000170995_1	Chitinase	glycoside hydrolase family 18 protein
247	GH18_XP_013955954.1	GH18	XP_013955954.1	Trichoderma virens Gv29-8	413071	TRIVI@413071@000170995_1	Chitinase	glycoside hydrolase family 18 protein
248	GH18_XP_013956203.1	GH18	XP_013956203.1	Trichoderma virens Gv29-8	413071	TRIVI@413071@000170995_1	Chitinase	glycoside hydrolase family 18 protein
249	GH18_XP_013957399.1	GH18	XP_013957399.1	Trichoderma virens Gv29-8	413071	TRIVI@413071@000170995_1	Chitinase	glycoside hydrolase family 18 protein, partial
250	GH18_XP_013960915.1	GH18	XP_013960915.1	Trichoderma virens Gv29-8	413071	TRIVI@413071@000170995_1	Chitinase	glycoside hydrolase family 18 protein
251	GH18_XP_013961717.1	GH18	XP_013961717.1	Trichoderma virens Gv29-8	413071	TRIVI@413071@000170995_1	Chitinase	glycoside hydrolase family 18 protein
252	GH18_AAC05829.1	GH18	AAC05829.1	Trichoderma virens Gv29-8	413071	TRIVI@413071@000170995_1	Chitinase	chitinase
253	GH18_AAL78813.1	GH18	AAL78813.1	Trichoderma virens Gv29-8	413071	TRIVI@413071@000170995_1	Chitinase	class V chitinase
254	GH18_CAJ34422.1	GH18	CAJ34422.1	Trichoderma virens Gv29-8	413071	TRIVI@413071@000170995_1	Chitinase	endochitinase-G1
255	GH18_UKZ45871.1	GH18	UKZ45871.1	Trichoderma virens Gv29-8	413071	TRIVI@413071@000170995_1	Chitinase	endochitinase 37
256	GH18_UKZ46863.1	GH18	UKZ46863.1	Trichoderma virens Gv29-8	413071	TRIVI@413071@000170995_1	Chitinase	Endochitinase 46
257	GH18_UKZ46864.1	GH18	UKZ46864.1	Trichoderma virens Gv29-8	413071	TRIVI@413071@000170995_1	Chitinase	Endochitinase 46
258	GH18_UKZ48133.1	GH18	UKZ48133.1	Trichoderma virens Gv29-8	413071	TRIVI@413071@000170995_1	Chitinase	hypothetical protein
259	GH18_UKZ48214.1	GH18	UKZ48214.1	Trichoderma virens Gv29-8	413071	TRIVI@413071@000170995_1	Chitinase	hypothetical protein
260	GH18_UKZ48464.1	GH18	UKZ48464.1	Trichoderma virens Gv29-8	413071	TRIVI@413071@000170995_1	Chitinase	hypothetical protein
261	GH18_UKZ49236.1	GH18	UKZ49236.1	Trichoderma virens Gv29-8	413071	TRIVI@413071@000170995_1	Chitinase	hypothetical protein
262	GH18_UKZ49291.1	GH18	UKZ49291.1	Trichoderma virens Gv29-8	413071	TRIVI@413071@000170995_1	Chitinase	hypothetical protein
263	GH18_UKZ50023.1	GH18	UKZ50023.1	Trichoderma virens Gv29-8	413071	TRIVI@413071@000170995_1	Chitinase	endochitinase B1 
264	GH18_UKZ50348.1	GH18	UKZ50348.1	Trichoderma virens Gv29-8	413071	TRIVI@413071@000170995_1	Chitinase	Endochitinase 3
265	GH18_UKZ52427.1	GH18	UKZ52427.1	Trichoderma virens Gv29-8	413071	TRIVI@413071@000170995_1	Chitinase	Endochitinase 3
266	GH18_UKZ53359.1	GH18	UKZ53359.1	Trichoderma virens Gv29-8	413071	TRIVI@413071@000170995_1	Chitinase	hypothetical protein
267	GH18_UKZ53430.1	GH18	UKZ53430.1	Trichoderma virens Gv29-8	413071	TRIVI@413071@000170995_1	Chitinase	hypothetical protein
268	GH18_UKZ53439.1	GH18	UKZ53439.1	Trichoderma virens Gv29-8	413071	TRIVI@413071@000170995_1	Chitinase	hypothetical protein
269	GH18_UKZ53571.1	GH18	UKZ53571.1	Trichoderma virens Gv29-8	413071	TRIVI@413071@000170995_1	Chitinase	hypothetical protein
270	GH18_UKZ53593.1	GH18	UKZ53593.1	Trichoderma virens Gv29-8	413071	TRIVI@413071@000170995_1	Chitinase	hypothetical protein
271	GH18_UKZ54430.1	GH18	UKZ54430.1	Trichoderma virens Gv29-8	413071	TRIVI@413071@000170995_1	Chitinase	hypothetical protein
272	GH18_UKZ54676.1	GH18	UKZ54676.1	Trichoderma virens Gv29-8	413071	TRIVI@413071@000170995_1	Chitinase	Endochitinase 33
273	GH18_UKZ55064.1	GH18	UKZ55064.1	Trichoderma virens Gv29-8	413071	TRIVI@413071@000170995_1	Chitinase	hypothetical protein
274	GH18_UKZ55435.1	GH18	UKZ55435.1	Trichoderma virens Gv29-8	413071	TRIVI@413071@000170995_1	Chitinase	hypothetical protein
275	GH18_UKZ55880.1	GH18	UKZ55880.1	Trichoderma virens Gv29-8	413071	TRIVI@413071@000170995_1	Chitinase	hypothetical protein
276	GH18_UKZ56885.1	GH18	UKZ56885.1	Trichoderma virens Gv29-8	413071	TRIVI@413071@000170995_1	Chitinase	Chitinase 2
277	GH18_UKZ57234.1	GH18	UKZ57234.1	Trichoderma virens Gv29-8	413071	TRIVI@413071@000170995_1	Chitinase	Chitinase 3
278	GH18_UKZ58363.1	GH18	UKZ58363.1	Trichoderma virens Gv29-8	413071	TRIVI@413071@000170995_1	Chitinase	hypothetical protein
279	GH46_CDS07538.1	GH46	CDS07538.1	Lichtheimia ramosa	688394	LICRA@688394@GCA_000945115_1	Chitosanase	hypothetical protein
280	GH46_CDS12419.1	GH46	CDS12419.1	Lichtheimia ramosa	688394	LICRA@688394@GCA_000945115_1	Chitosanase	hypothetical protein
281	CBM12_QRW25097.1	CBM12	QRW25097.1	Rhizoctonia solani AG-1 IA	456999	RHISO@456999@016906535_1	Carbohydrate-binding module	hypothetical protein
282	CBM12_QRW24164.1	CBM12	QRW24164.1	Rhizoctonia solani AG-1 IA	456999	RHISO@456999@016906535_1	Carbohydrate-binding module	hypothetical protein
283	CBM14_EAA66598.1	CBM14	EAA66598.1	Aspergillus nidulans FGSC A4	227321	ASPNI@227321@000149205_2	Carbohydrate-binding module	hypothetical protein
284	CBM18_UKZ51156.1	CBM18	UKZ51156.1	Trichoderma virens Gv29-8	413071	TRIVI@413071@000170995_1	Carbohydrate-binding module	hypothetical protein
285	CBM18_UKZ53043.1	CBM18	UKZ53043.1	Trichoderma virens Gv29-8	413071	TRIVI@413071@000170995_1	Carbohydrate-binding module	hypothetical protein
286	CBM18_XP_013956215.1	CBM18	XP_013956215.1	Trichoderma virens Gv29-8	413071	TRIVI@413071@000170995_1	Carbohydrate-binding module	glycoside hydrolase family 18
287	CBM50_UKZ47179.1	CBM50	UKZ47179.1	Trichoderma virens Gv29-8	413071	TRIVI@413071@000170995_1	Carbohydrate-binding module	hypothetical protein
288	CBM50_UKZ48216.1	CBM50	UKZ48216.1	Trichoderma virens Gv29-8	413071	TRIVI@413071@000170995_1	Carbohydrate-binding module	hypothetical protein
289	CBM50_UKZ52874.1	CBM50	UKZ52874.1	Trichoderma virens Gv29-8	413071	TRIVI@413071@000170995_1	Carbohydrate-binding module	hypothetical protein
290	CBM50_UKZ48215.1	CBM50	UKZ48215.1	Trichoderma virens Gv29-8	413071	TRIVI@413071@000170995_1	Carbohydrate-binding module	hypothetical protein
291	CBM50_UKZ49294.1	CBM50	UKZ49294.1	Trichoderma virens Gv29-8	413071	TRIVI@413071@000170995_1	Carbohydrate-binding module	hypothetical protein
292	CBM50_XP_013951981.1	CBM50	XP_013951981.1	Trichoderma virens Gv29-8	413071	TRIVI@413071@000170995_1	Carbohydrate-binding module	uncharacterized protein
293	CBM50_UKZ49624.1	CBM50	UKZ49624.1	Trichoderma virens Gv29-8	413071	TRIVI@413071@000170995_1	Carbohydrate-binding module	hypothetical protein
294	CBM50_UKZ58391.1	CBM50	UKZ58391.1	Trichoderma virens Gv29-8	413071	TRIVI@413071@000170995_1	Carbohydrate-binding module	hypothetical protein
295	CBM50_UKZ53591.1	CBM50	UKZ53591.1	Trichoderma virens Gv29-8	413071	TRIVI@413071@000170995_1	Carbohydrate-binding module	hypothetical protein
296	CBM50_UKZ57353.1	CBM50	UKZ57353.1	Trichoderma virens Gv29-8	413071	TRIVI@413071@000170995_1	Carbohydrate-binding module	hypothetical protein
297	CBM55_EDR28415.1	CBM55	EDR28415.1	Entamoeba dispar SAW760	370354	ENTHI@294381@000208925_1	Carbohydrate-binding module	Chitotriosidase-1 precursor
298	CBM55_EDR24933.1	CBM55	EDR24933.1	Entamoeba dispar SAW760	370354	ENTHI@294381@000208925_1	Carbohydrate-binding module	Chitin binding lectin
299	CBM55_BAJ83820.1	CBM55	BAJ83820.1	Entamoeba histolytica	5759	ENTDI@370354@000209125_1	Carbohydrate-binding module	chitinase
